Method,Mean KL Divergence
GAN,0.026771467152346465
MICE,0.01747464386324469
